SID,SEASON,NUMBER,BASIN,SUBBASIN,NAME,ISO_TIME,NATURE,LAT,LON,WMO_WIND,WMO_PRES,TRACK_TYPE
2024146N18089,2024,1,NI,BB,REMAL,2024-05-24 06:00:00,TS,17.4,88.9,25,998,main
2024146N18089,2024,1,NI,BB,REMAL,2024-05-24 12:00:00,TS,18.2,89.0,30,994,main
2024146N18089,2024,1,NI,BB,REMAL,2024-05-24 18:00:00,TS,18.9,89.1,35,990,main
2024146N18089,2024,1,NI,BB,REMAL,2024-05-25 00:00:00,TS,19.5,89.2,45,986,main
2024146N18089,2024,1,NI,BB,REMAL,2024-05-25 06:00:00,TS,20.1,89.2,50,982,main
2024146N18089,2024,1,NI,BB,REMAL,2024-05-25 12:00:00,TS,20.8,89.3,55,980,main
2024146N18089,2024,1,NI,BB,REMAL,2024-05-25 18:00:00,TS,21.4,89.2,60,978,main
2024146N18089,2024,1,NI,BB,REMAL,2024-05-26 00:00:00,TS,22.1,89.3,60,978,main
2024146N18089,2024,1,NI,BB,REMAL,2024-05-26 06:00:00,TS,22.9,89.5,45,984,main
2023157N12066,2023,2,NI,AS,BIPARJOY,2023-06-06 06:00:00,TS,12.1,66.0,35,992,main
2023157N12066,2023,2,NI,AS,BIPARJOY,2023-06-06 18:00:00,TS,13.2,66.2,50,984,main
2023157N12066,2023,2,NI,AS,BIPARJOY,2023-06-07 06:00:00,TS,14.2,66.1,65,974,main
2023157N12066,2023,2,NI,AS,BIPARJOY,2023-06-08 06:00:00,TS,16.5,66.3,80,962,main
2023157N12066,2023,2,NI,AS,BIPARJOY,2023-06-09 12:00:00,TS,18.8,66.8,90,954,main
2023157N12066,2023,2,NI,AS,BIPARJOY,2023-06-11 12:00:00,TS,20.4,67.3,85,960,main
2023157N12066,2023,2,NI,AS,BIPARJOY,2023-06-15 15:00:00,TS,22.8,68.1,70,970,main
2023334N08088,2023,6,NI,BB,MICHAUNG,2023-12-01 06:00:00,TS,8.8,88.0,25,1002,main
2023334N08088,2023,6,NI,BB,MICHAUNG,2023-12-02 06:00:00,TS,10.5,85.5,35,996,main
2023334N08088,2023,6,NI,BB,MICHAUNG,2023-12-03 06:00:00,TS,12.8,82.8,45,990,main
2023334N08088,2023,6,NI,BB,MICHAUNG,2023-12-04 06:00:00,TS,14.2,80.8,55,986,main
2023334N08088,2023,6,NI,BB,MICHAUNG,2023-12-05 12:00:00,TS,15.8,80.4,40,994,main
2020137N10086,2020,1,NI,BB,AMPHAN,2020-05-16 00:00:00,TS,10.4,86.4,35,994,main
2020137N10086,2020,1,NI,BB,AMPHAN,2020-05-17 00:00:00,TS,11.5,86.0,60,980,main
2020137N10086,2020,1,NI,BB,AMPHAN,2020-05-18 00:00:00,TS,13.4,86.2,115,930,main
2020137N10086,2020,1,NI,BB,AMPHAN,2020-05-18 12:00:00,TS,14.5,86.4,130,920,main
2020137N10086,2020,1,NI,BB,AMPHAN,2020-05-20 12:00:00,TS,21.7,88.3,85,950,main
